timestamp,temperature,humidity,pressure,power_consumption,is_anomaly
2023-01-01 00:00:00,25.99343,66.99678,993.2482,40.46096,0
2023-01-01 00:01:00,24.72347,64.62317,998.5548,45.698074,0
2023-01-01 00:02:00,26.295378,60.298153,992.0758,47.931973,0
2023-01-01 00:03:00,28.04606,56.765316,996.9204,59.43844,0
2023-01-01 00:04:00,24.531693,63.491116,981.06384,52.782764,0
2023-01-01 00:05:00,24.531727,61.967426,1002.13293,43.322594,0
2023-01-01 00:06:00,28.158426,64.47597,1000.0121,52.43018,0
2023-01-01 00:07:00,26.53487,63.175858,991.8291,42.26348,0
2023-01-01 00:08:00,24.06105,65.247765,1006.59247,55.413456,0
2023-01-01 00:09:00,26.08512,57.323826,1009.3757,47.644375,0
2023-01-01 00:10:00,24.073164,66.58697,983.9244,49.53182,0
2023-01-01 00:11:00,24.06854,60.988,992.37274,56.628983,0
2023-01-01 00:12:00,25.483925,70.376305,992.3086,43.564182,0
2023-01-01 00:13:00,21.173439,56.55406,990.60095,43.01441,0
2023-01-01 00:14:00,21.550165,68.67982,1008.29474,47.082005,0
2023-01-01 00:15:00,23.875425,60.989555,998.06177,55.191895,0
2023-01-01 00:16:00,22.974339,56.74291,997.35486,42.40327,0
2023-01-01 00:17:00,25.628494,57.58057,979.96136,35.839222,0
2023-01-01 00:18:00,23.183952,58.398262,1006.3542,47.744205,0
2023-01-01 00:19:00,22.175392,62.12083,987.6074,52.758705,0
2023-01-01 00:20:00,27.931297,62.614178,1000.5993,56.00131,0
2023-01-01 00:21:00,24.548447,57.1315,1002.77374,47.684193,0
2023-01-01 00:22:00,7.528374,59.878227,1013.60657,103.36423,1
2023-01-01 00:23:00,22.150503,70.71135,986.9118,55.769505,0
2023-01-01 00:24:00,23.911234,68.63772,969.8049,40.65129,0
2023-01-01 00:25:00,25.221846,62.181618,1001.8385,48.057396,0
2023-01-01 00:26:00,22.698013,60.190018,1018.0051,50.952118,0
2023-01-01 00:27:00,25.751396,60.600155,1012.38947,52.246094,0
2023-01-01 00:28:00,23.798723,63.06759,1002.0966,47.450966,0
2023-01-01 00:29:00,24.416613,54.886036,995.0836,50.172207,0
2023-01-01 00:30:00,23.796587,58.713116,1008.0712,37.558365,0
2023-01-01 00:31:00,28.704556,51.657078,990.2645,46.70876,0
2023-01-01 00:32:00,24.973005,61.996117,1004.76355,52.267544,0
2023-01-01 00:33:00,37.717175,63.23598,1005.0547,140.79779,1
2023-01-01 00:34:00,26.64509,57.58407,1010.6021,50.29492,0
2023-01-01 00:35:00,22.558313,67.869934,1027.5966,52.234364,0
2023-01-01 00:36:00,25.417727,53.87117,1003.92413,48.287254,0
2023-01-01 00:37:00,21.08066,52.678127,994.91034,50.852318,0
2023-01-01 00:38:00,22.343628,61.122257,999.74426,45.186337,0
2023-01-01 00:39:00,25.393723,65.23549,982.30927,48.96694,0
2023-01-01 00:40:00,26.476933,68.41964,993.05286,53.051083,0
2023-01-01 00:41:00,25.342737,57.705578,995.90717,50.784866,0
2023-01-01 00:42:00,24.768703,65.3934,994.7591,47.067345,0
2023-01-01 00:43:00,24.397793,59.807457,1001.52356,51.121082,0
2023-01-01 00:44:00,22.042955,59.136864,991.7758,53.573048,0
2023-01-01 00:45:00,23.560312,64.4183,1011.2103,39.750294,0
2023-01-01 00:46:00,24.078722,63.261616,1000.0021,55.795372,0
2023-01-01 00:47:00,27.114244,52.11804,999.907,48.318726,0
2023-01-01 00:48:00,25.687237,67.3827,996.72107,52.12745,0
2023-01-01 00:49:00,21.473919,66.90046,1001.5519,55.986233,0
2023-01-01 00:50:00,25.648169,56.872185,1008.251,43.141632,0
2023-01-01 00:51:00,24.229836,61.97902,991.3287,46.452793,0
2023-01-01 00:52:00,23.646156,62.47015,993.4188,48.557255,0
2023-01-01 00:53:00,26.223352,61.303368,996.96277,46.081234,0
2023-01-01 00:54:00,27.061998,57.248474,986.5413,58.674683,0
2023-01-01 00:55:00,26.86256,56.641884,991.80743,45.71614,0
2023-01-01 00:56:00,23.321566,59.87223,995.2378,47.222267,0
2023-01-01 00:57:00,24.381575,65.86365,1008.7439,51.021946,0
2023-01-01 00:58:00,25.662527,62.718002,1002.6256,43.989254,0
2023-01-01 00:59:00,6.6372895,58.146927,1001.9359,114.97115,1
2023-01-01 01:00:00,24.04165,63.858494,1008.509,51.587265,0
2023-01-01 01:01:00,24.628681,45.757286,998.6263,48.335697,0
2023-01-01 01:02:00,22.78733,65.74383,1003.90466,49.533066,0
2023-01-01 01:03:00,22.607586,51.30143,998.9678,47.35334,0
2023-01-01 01:04:00,26.625051,58.187794,1002.6536,42.427647,0
2023-01-01 01:05:00,27.71248,54.40165,994.1724,51.607967,0
2023-01-01 01:06:00,24.85598,53.526592,975.6118,58.774666,0
2023-01-01 01:07:00,27.007067,65.80413,998.6572,50.092007,0
2023-01-01 01:08:00,25.723272,57.661495,1014.2275,51.12632,0
2023-01-01 01:09:00,23.70976,61.73252,1009.26215,53.463615,0
2023-01-01 01:10:00,25.722792,59.765396,1009.654,43.653347,0
2023-01-01 01:11:00,28.076073,62.385204,1012.3613,58.512573,0
2023-01-01 01:12:00,24.928349,60.38411,1000.8866,51.011642,0
2023-01-01 01:13:00,28.129288,53.585037,1001.97314,58.159283,0
2023-01-01 01:14:00,19.76051,64.98133,993.8235,46.334835,0
2023-01-01 01:15:00,26.643805,57.531216,996.8393,59.09031,0
2023-01-01 01:16:00,25.174093,52.21709,1006.1577,53.87578,0
2023-01-01 01:17:00,24.401985,57.859425,1012.0388,52.7652,0
2023-01-01 01:18:00,25.183521,67.5038,998.6055,51.170124,0
2023-01-01 01:19:00,21.024862,64.25111,995.4981,48.75736,0
2023-01-01 01:20:00,24.560656,58.25674,1000.0053,56.00266,0
2023-01-01 01:21:00,25.714226,58.25371,1006.0121,50.701797,0
2023-01-01 01:22:00,27.955788,58.391827,985.56146,40.16465,0
2023-01-01 01:23:00,23.963459,70.38374,977.0382,44.414066,0
2023-01-01 01:24:00,23.383013,61.909676,994.4946,49.07077,0
2023-01-01 01:25:00,23.996487,62.150208,987.79285,51.549995,0
2023-01-01 01:26:00,26.830805,65.15142,994.9186,49.717056,0
2023-01-01 01:27:00,25.657503,61.193947,998.5222,56.094852,0
2023-01-01 01:28:00,23.94048,58.70479,995.4675,40.24449,0
2023-01-01 01:29:00,26.026535,59.01825,1014.52466,50.71794,0
2023-01-01 01:30:00,25.194155,59.641994,1003.26746,40.910103,0
2023-01-01 01:31:00,26.93729,59.81389,1003.00476,53.79856,0
2023-01-01 01:32:00,23.595894,63.63815,1006.22205,49.527706,0
2023-01-01 01:33:00,24.344675,60.25973,988.6117,52.09805,0
2023-01-01 01:34:00,24.215784,63.6632,1010.3911,45.680584,0
2023-01-01 01:35:00,22.07297,59.596416,999.2424,56.397324,0
2023-01-01 01:36:00,25.592241,60.393177,1006.70483,55.208622,0
2023-01-01 01:37:00,25.52211,50.008995,989.28143,52.91772,0
2023-01-01 01:38:00,25.010227,64.58164,984.4624,49.352413,0
2023-01-01 01:39:00,24.530827,61.73244,1008.1789,52.89929,0
2023-01-01 01:40:00,22.169258,64.99005,1003.7641,46.465538,0
2023-01-01 01:41:00,24.158709,45.518723,990.9795,54.27778,0
2023-01-01 01:42:00,24.314571,70.44187,991.30334,58.247406,0
2023-01-01 01:43:00,11.296836,59.30205,1011.25433,120.808044,1
2023-01-01 01:44:00,24.67743,65.54092,988.1059,46.351986,0
2023-01-01 01:45:00,25.808102,54.800472,1016.42676,51.807087,0
2023-01-01 01:46:00,28.772371,63.06387,990.9938,43.534294,0
2023-01-01 01:47:00,25.349155,54.73292,1006.3839,52.86195,0
2023-01-01 01:48:00,25.5151,56.881157,996.7138,52.253017,0
2023-01-01 01:49:00,24.851109,69.57016,1006.03186,40.650917,0
2023-01-01 01:50:00,21.162458,59.04659,994.55884,44.191082,0
2023-01-01 01:51:00,24.946972,61.087166,998.3721,48.584305,0
2023-01-01 01:52:00,6.3574586,64.35034,1000.4092,148.8719,1
2023-01-01 01:53:00,29.926485,62.47841,989.97815,43.952614,0
2023-01-01 01:54:00,24.615278,60.752094,1007.40826,51.944893,0
2023-01-01 01:55:00,25.603094,61.824806,994.86786,51.257366,0
2023-01-01 01:56:00,24.930576,72.017075,997.714,49.028656,0
2023-01-01 01:57:00,22.662643,59.711906,990.0565,46.221043,0
2023-01-01 01:58:00,27.285646,61.005497,974.37665,55.243534,0
2023-01-01 01:59:00,26.503866,65.25327,998.0897,58.277035,0
2023-01-01 02:00:00,26.582064,65.527626,1024.1261,47.58219,0
2023-01-01 02:01:00,23.181225,65.93515,1007.84607,46.939167,0
2023-01-01 02:02:00,27.805588,63.19365,999.8074,52.45604,0
2023-01-01 02:03:00,22.196299,54.284977,997.3711,48.209854,0
2023-01-01 02:04:00,26.173714,68.16716,1000.2247,49.303013,0
2023-01-01 02:05:00,29.38091,54.268272,1005.4712,53.698265,0
2023-01-01 02:06:00,23.018927,61.513176,988.1919,40.45322,0
2023-01-01 02:07:00,23.867405,56.228622,1011.1432,56.59151,0
2023-01-01 02:08:00,25.199303,59.67931,1007.1538,50.363403,0
2023-01-01 02:09:00,23.99305,61.64381,1007.1819,47.942535,0
2023-01-01 02:10:00,21.898674,61.606785,1004.38477,49.55383,0
2023-01-01 02:11:00,25.137125,62.109604,1000.19617,49.812145,0
2023-01-01 02:12:00,22.875393,68.06856,1006.72864,41.343994,0
2023-01-01 02:13:00,25.947186,62.26767,1005.91815,57.47469,0
2023-01-01 02:14:00,23.161152,58.779217,996.4596,50.206627,0
2023-01-01 02:15:00,28.099869,64.820435,994.264,52.21501,0
2023-01-01 02:16:00,23.433493,65.94735,1001.01855,54.757748,0
2023-01-01 02:17:00,24.355877,53.86196,1015.4902,44.894188,0
2023-01-01 02:18:00,26.627035,62.987,987.60895,52.36736,0
2023-01-01 02:19:00,22.53827,63.505863,985.32477,48.661793,0
2023-01-01 02:20:00,25.45492,58.512184,1001.6476,54.233852,0
2023-01-01 02:21:00,27.614286,66.87853,1000.50885,39.36386,0
2023-01-01 02:22:00,21.785034,59.24972,1001.7334,49.504528,0
2023-01-01 02:23:00,25.369268,60.627884,1002.4395,46.985897,0
2023-01-01 02:24:00,25.519766,59.13464,997.768,52.161316,0
2023-01-01 02:25:00,26.563646,60.077896,1014.8986,52.35022,0
2023-01-01 02:26:00,22.526098,54.518623,983.99097,46.461872,0
2023-01-01 02:27:00,22.359087,52.799747,991.715,46.43913,0
2023-01-01 02:28:00,26.043882,67.97253,998.96747,49.446674,0
2023-01-01 02:29:00,25.59397,55.765194,983.5681,45.51679,0
2023-01-01 02:30:00,25.500986,55.043037,998.24146,54.20992,0
2023-01-01 02:31:00,25.692896,49.23305,1016.6147,48.153965,0
2023-01-01 02:32:00,23.63995,56.80519,1000.20886,35.465057,0
2023-01-01 02:33:00,25.464508,53.384552,1002.307,48.12589,0
2023-01-01 02:34:00,25.586145,68.210075,987.3984,44.80728,0
2023-01-01 02:35:00,23.571297,65.04909,993.83636,41.84362,0
2023-01-01 02:36:00,28.731548,56.55925,996.24805,43.812866,0
2023-01-01 02:37:00,25.947666,71.26218,996.8229,50.547043,0
2023-01-01 02:38:00,22.617393,64.90883,1012.81647,56.643204,0
2023-01-01 02:39:00,43.19677,58.375843,1005.5769,149.96751,1
2023-01-01 02:40:00,23.050636,47.50297,988.88544,46.967484,0
2023-01-01 02:41:00,26.57417,71.45471,1002.465,52.279522,0
2023-01-01 02:42:00,27.317192,53.05214,1004.98224,47.704548,0
2023-01-01 02:43:00,23.358635,51.773006,1011.4015,46.526997,0
2023-01-01 02:44:00,26.926752,65.112854,1015.8054,44.228188,0
2023-01-01 02:45:00,25.825562,72.19876,989.84906,41.240856,0
2023-01-01 02:46:00,26.644121,66.921364,991.8914,48.05038,0
2023-01-01 02:47:00,28.793587,62.819546,987.4242,50.790268,0
2023-01-01 02:48:00,24.509224,62.97377,997.6598,49.51688,0
2023-01-01 02:49:00,23.492527,64.267075,1004.6636,47.920166,0
2023-01-01 02:50:00,23.220972,63.794643,1009.87335,45.27127,0
2023-01-01 02:51:00,23.36838,61.405956,999.2405,53.04123,0
2023-01-01 02:52:00,24.845797,60.521004,996.8015,43.41434,0
2023-01-01 02:53:00,25.682304,59.687035,1001.5176,53.88014,0
2023-01-01 02:54:00,25.553381,56.23018,991.64856,44.988914,0
2023-01-01 02:55:00,26.654367,58.596626,1020.8954,46.237823,0
2023-01-01 02:56:00,25.026003,51.535217,983.9234,42.666073,0
2023-01-01 02:57:00,27.907068,59.5083,1001.8474,47.49299,0
2023-01-01 02:58:00,24.470686,55.057045,1020.2361,54.876564,0
2023-01-01 02:59:00,30.440338,54.48205,1000.068,52.57814,0
2023-01-01 03:00:00,26.251335,60.89947,998.0996,54.89211,0
2023-01-01 03:01:00,23.285685,66.960014,996.42554,52.610714,0
2023-01-01 03:02:00,22.858215,64.59158,998.1961,44.48165,0
2023-01-01 03:03:00,25.964945,52.147495,1013.72845,48.346054,0
2023-01-01 03:04:00,24.553074,55.05186,977.8814,46.099003,0
2023-01-01 03:05:00,26.428001,64.70386,1015.33435,56.652874,0
2023-01-01 03:06:00,25.946476,55.087563,985.76044,44.016056,0
2023-01-01 03:07:00,24.854342,58.876835,997.3335,54.468487,0
2023-01-01 03:08:00,23.306412,62.75026,995.7076,54.464767,0
2023-01-01 03:09:00,21.970306,55.15828,1005.88556,59.1481,0
2023-01-01 03:10:00,24.10697,60.52688,984.01874,47.95157,0
2023-01-01 03:11:00,26.712797,53.329872,1004.6217,53.56161,0
2023-01-01 03:12:00,25.428188,56.99316,1020.2431,61.40826,0
2023-01-01 03:13:00,22.508522,61.59891,986.3683,46.911793,0
2023-01-01 03:14:00,25.346361,52.03503,1001.89703,42.3248,0
2023-01-01 03:15:00,25.770636,62.202374,993.3802,40.59995,0
2023-01-01 03:16:00,23.232285,59.90181,1004.25885,53.56356,0
2023-01-01 03:17:00,25.30745,62.76245,1000.19147,40.584248,0
2023-01-01 03:18:00,25.116417,61.11957,993.58514,48.138405,0
2023-01-01 03:19:00,22.71406,66.8207,1004.8787,52.186565,0
2023-01-01 03:20:00,25.715574,60.62612,1018.04346,50.925877,0
2023-01-01 03:21:00,26.121569,57.852974,998.09094,52.127224,0
2023-01-01 03:22:00,27.166103,60.61149,1007.1976,51.11145,0
2023-01-01 03:23:00,27.107605,62.71649,987.06726,56.39433,0
2023-01-01 03:24:00,22.244661,60.2443,990.4356,45.23842,0
2023-01-01 03:25:00,23.12435,60.202957,1004.72406,46.615025,0
2023-01-01 03:26:00,26.030071,56.49004,1014.8412,46.136703,0
2023-01-01 03:27:00,26.027573,56.685497,1003.55615,54.15096,0
2023-01-01 03:28:00,26.030096,52.986973,996.86945,54.50199,0
2023-01-01 03:29:00,32.705463,68.74789,999.9929,52.256126,0
2023-01-01 03:30:00,26.14178,53.780685,987.4959,55.91747,0
2023-01-01 03:31:00,27.271132,56.535473,1006.04517,44.109795,0
2023-01-01 03:32:00,26.908003,56.407963,1008.8233,58.33612,0
2023-01-01 03:33:00,26.302782,64.474625,995.4791,57.61619,0
2023-01-01 03:34:00,24.369461,58.525253,995.29956,53.67811,0
2023-01-01 03:35:00,26.517939,66.23871,1002.65875,58.908993,0
2023-01-01 03:36:00,23.45435,56.632545,995.6328,41.716885,0
2023-01-01 03:37:00,24.526363,61.39497,999.3387,47.377758,0
2023-01-01 03:38:00,24.029272,55.823265,1020.9972,46.323483,0
2023-01-01 03:39:00,25.163748,70.725746,997.5297,53.607395,0
2023-01-01 03:40:00,29.629316,54.062008,996.4166,44.7493,0
2023-01-01 03:41:00,21.26547,61.549103,993.5246,53.787476,0
2023-01-01 03:42:00,26.37252,63.168884,1007.4419,56.85268,0
2023-01-01 03:43:00,21.774569,62.068996,998.18774,53.476013,0
2023-01-01 03:44:00,24.056137,59.073563,993.5063,51.418755,0
2023-01-01 03:45:00,27.1779,59.350895,1013.213,45.060635,0
2023-01-01 03:46:00,25.12856,60.21906,1014.19604,45.765747,0
2023-01-01 03:47:00,22.844511,59.26499,993.9958,56.248093,0
2023-01-01 03:48:00,23.569393,64.8194,981.3346,53.896744,0
2023-01-01 03:49:00,26.359196,71.05261,1010.07513,49.8049,0
2023-01-01 03:50:00,23.539267,57.21254,993.1537,47.910454,0
2023-01-01 03:51:00,25.432917,53.150986,1007.90625,39.87096,0
2023-01-01 03:52:00,41.37302,59.55859,980.29895,103.53483,1
2023-01-01 03:53:00,23.6968,72.898544,1008.92596,59.557095,0
2023-01-01 03:54:00,29.287888,55.98163,987.8883,43.59772,0
2023-01-01 03:55:00,26.267838,68.19559,1007.3076,50.9474,0
2023-01-01 03:56:00,20.949715,68.388504,1000.1427,55.03722,0
2023-01-01 03:57:00,25.37291,57.23206,990.46063,43.725388,0
2023-01-01 03:58:00,23.676428,62.844917,995.9296,50.923553,0
2023-01-01 03:59:00,26.704866,68.14198,1006.86316,54.68958,0
2023-01-01 04:00:00,23.414959,58.104362,1001.05896,50.062496,0
2023-01-01 04:01:00,24.770527,58.982098,1005.8441,64.34202,0
2023-01-01 04:02:00,26.009975,57.091595,1019.7644,41.657005,0
2023-01-01 04:03:00,36.44312,54.926216,984.3576,104.67797,1
2023-01-01 04:04:00,22.599407,56.753613,1016.1721,49.13599,0
2023-01-01 04:05:00,24.330997,53.8803,1001.0436,53.8596,0
2023-01-01 04:06:00,24.05011,60.170418,991.01215,52.206535,0
2023-01-01 04:07:00,23.693342,56.150135,986.69684,46.33422,0
2023-01-01 04:08:00,28.530909,61.16893,998.1088,51.14498,0
2023-01-01 04:09:00,25.809963,52.22052,1009.2165,40.71049,0
2023-01-01 04:10:00,22.478231,61.6544,998.7245,53.01624,0
2023-01-01 04:11:00,26.835724,64.16765,1015.1116,51.49079,0
2023-01-01 04:12:00,29.244312,50.031322,985.4882,53.193302,0
2023-01-01 04:13:00,27.06493,61.87028,999.8791,55.290592,0
2023-01-01 04:14:00,21.96126,66.13834,987.4761,51.8381,0
2023-01-01 04:15:00,24.031532,53.951794,1003.6363,50.740448,0
2023-01-01 04:16:00,27.533823,68.36286,1008.8689,45.594658,0
2023-01-01 04:17:00,23.584661,62.095097,995.79236,46.438896,0
2023-01-01 04:18:00,25.887638,56.47494,973.9579,55.933674,0
2023-01-01 04:19:00,26.549269,59.721153,1001.9895,57.18168,0
2023-01-01 04:20:00,23.14614,62.791634,1004.3674,48.80945,0
2023-01-01 04:21:00,24.880949,60.380028,1004.04297,50.230015,0
2023-01-01 04:22:00,43.16057,62.69378,1012.35785,121.60336,1
2023-01-01 04:23:00,22.951225,55.396633,989.2895,55.863785,0
2023-01-01 04:24:00,24.494864,60.846806,1006.8022,53.327084,0
2023-01-01 04:25:00,22.504435,52.931427,1011.92505,59.70609,0
2023-01-01 04:26:00,28.264822,59.44387,982.2141,45.608383,0
2023-01-01 04:27:00,22.139717,55.48046,1003.19653,48.10996,0
2023-01-01 04:28:00,24.119911,56.32235,994.9582,51.15723,0
2023-01-01 04:29:00,25.26148,66.180466,999.18475,53.23245,0
2023-01-01 04:30:00,27.882547,65.45655,1003.47675,48.92166,0
2023-01-01 04:31:00,22.128275,63.045692,995.1277,45.635193,0
2023-01-01 04:32:00,27.326328,54.538437,993.2429,54.407036,0
2023-01-01 04:33:00,25.020466,58.417957,1000.34155,53.60568,0
2023-01-01 04:34:00,23.036983,66.06549,989.12756,45.41863,0
2023-01-01 04:35:00,25.924208,60.708584,989.1417,56.777214,0
2023-01-01 04:36:00,25.398119,71.59665,1006.79376,55.850994,0
2023-01-01 04:37:00,23.799566,61.96659,988.5121,50.671482,0
2023-01-01 04:38:00,25.139605,60.960247,1006.66315,50.39799,0
2023-01-01 04:39:00,24.229372,58.45442,1004.6259,52.77029,0
2023-01-01 04:40:00,25.227036,60.667706,982.74194,45.691486,0
2023-01-01 04:41:00,26.32426,59.23765,993.22437,50.150158,0
2023-01-01 04:42:00,28.172033,63.540543,1011.9411,39.238083,0
2023-01-01 04:43:00,22.524368,64.78351,990.18835,54.38228,0
2023-01-01 04:44:00,29.266068,56.070053,995.35596,42.192535,0
2023-01-01 04:45:00,21.095825,53.343834,1004.6206,57.517097,0
2023-01-01 04:46:00,24.69643,50.818974,1007.8339,48.3494,0
2023-01-01 04:47:00,26.176634,62.539955,997.4846,48.941666,0
2023-01-01 04:48:00,25.561983,54.483166,994.0249,46.861332,0
2023-01-01 04:49:00,23.7546,49.235546,1014.2237,48.559807,0
2023-01-01 04:50:00,24.583755,61.942894,1017.389,57.092655,0
2023-01-01 04:51:00,24.013998,72.465,1009.7886,37.560955,0
2023-01-01 04:52:00,23.82127,59.969646,1000.8532,56.384827,0
2023-01-01 04:53:00,26.699203,64.19245,991.91736,51.690117,0
2023-01-01 04:54:00,25.714031,60.409145,991.69556,43.964893,0
2023-01-01 04:55:00,23.614182,59.50555,1005.22516,44.62344,0
2023-01-01 04:56:00,26.7992,64.59538,1004.18396,58.381966,0
2023-01-01 04:57:00,25.6146,58.548626,1014.016,45.272465,0
2023-01-01 04:58:00,26.625725,61.33696,1006.5045,44.233246,0
2023-01-01 04:59:00,26.259258,61.60849,984.9692,55.686573,0
2023-01-01 05:00:00,23.34201,56.659546,1010.5195,51.692764,0
2023-01-01 05:01:00,23.879639,64.96021,990.0194,45.31037,0
2023-01-01 05:02:00,26.494587,59.125202,996.1603,51.083126,0
2023-01-01 05:03:00,26.220741,56.221275,1002.502,44.871235,0
2023-01-01 05:04:00,24.958197,62.68255,1019.95667,55.50411,0
2023-01-01 05:05:00,25.234655,55.50766,1031.0992,55.306854,0
2023-01-01 05:06:00,27.55533,60.140907,1006.06726,52.66003,0
2023-01-01 05:07:00,23.816856,59.954407,998.168,51.808304,0
2023-01-01 05:08:00,26.094194,65.42948,1005.34503,58.80594,0
2023-01-01 05:09:00,24.595615,62.37349,1008.8765,49.998432,0
2023-01-01 05:10:00,24.564638,59.874866,996.79333,44.09063,0
2023-01-01 05:11:00,27.197554,64.08883,1017.9521,52.247368,0
2023-01-01 05:12:00,26.650833,66.951035,1002.3007,60.430237,0
2023-01-01 05:13:00,26.62702,62.78905,1004.9774,44.9262,0
2023-01-01 05:14:00,27.610958,60.05176,1006.65924,48.192688,0
2023-01-01 05:15:00,25.042007,53.44082,1004.2159,52.08223,0
2023-01-01 05:16:00,26.363907,54.67443,1008.3894,49.730476,0
2023-01-01 05:17:00,24.379467,58.473877,993.82745,45.08848,0
2023-01-01 05:18:00,25.648333,56.95244,994.417,55.60929,0
2023-01-01 05:19:00,24.739714,59.065144,988.9985,61.600204,0
2023-01-01 05:20:00,25.193993,60.28325,1004.395,50.980656,0
2023-01-01 05:21:00,26.190313,62.648464,1007.78937,45.47966,0
2023-01-01 05:22:00,23.363558,59.647507,1004.57776,42.255196,0
2023-01-01 05:23:00,29.184774,62.432507,1016.74493,51.28988,0
2023-01-01 05:24:00,22.987965,60.322372,999.94403,55.519386,0
2023-01-01 05:25:00,22.571623,50.122665,1006.68744,52.37584,0
2023-01-01 05:26:00,27.316221,55.30332,989.083,49.98798,0
2023-01-01 05:27:00,26.583326,59.279564,996.129,47.053642,0
2023-01-01 05:28:00,26.24824,53.951527,1006.9554,44.53918,0
2023-01-01 05:29:00,26.256691,62.999645,1008.491,54.173756,0
2023-01-01 05:30:00,24.975506,67.653755,997.0603,54.56886,0
2023-01-01 05:31:00,23.205492,66.09381,999.284,42.27135,0
2023-01-01 05:32:00,25.15161,58.932785,984.8213,57.949196,0
2023-01-01 05:33:00,23.645676,67.45363,996.4297,52.870358,0
2023-01-01 05:34:00,26.95024,60.743336,1008.9038,56.997974,0
2023-01-01 05:35:00,24.705885,58.31457,1005.7521,43.28936,0
2023-01-01 05:36:00,23.349005,56.932987,1005.00665,43.17088,0
2023-01-01 05:37:00,9.051971,58.48765,1000.49774,129.80219,1
2023-01-01 05:38:00,25.825863,58.059116,1000.0706,52.513924,0
2023-01-01 05:39:00,23.872551,60.85208,993.3968,58.981804,0
2023-01-01 05:40:00,23.355558,60.80287,1006.9883,53.530396,0
2023-01-01 05:41:00,25.487375,60.01523,1004.2097,48.786594,0
2023-01-01 05:42:00,25.489933,62.184692,1004.92017,44.868153,0
2023-01-01 05:43:00,23.986115,65.95323,994.7396,56.15,0
2023-01-01 05:44:00,24.057924,64.74777,978.46655,45.17647,0
2023-01-01 05:45:00,35.16913,52.575512,1010.97156,145.47823,1
2023-01-01 05:46:00,22.103832,47.230392,995.2116,48.578075,0
2023-01-01 05:47:00,22.185072,64.6716,991.37225,57.95291,0
2023-01-01 05:48:00,23.563112,53.165607,1006.9348,53.394657,0
2023-01-01 05:49:00,24.573105,58.87617,996.0799,49.31502,0
2023-01-01 05:50:00,25.621815,54.149433,1010.59937,47.40302,0
2023-01-01 05:51:00,27.950712,50.990097,1006.17004,48.29546,0
2023-01-01 05:52:00,26.715319,62.707314,1006.8357,52.141582,0
2023-01-01 05:53:00,24.680122,63.795776,986.34045,50.385784,0
2023-01-01 05:54:00,24.961967,57.117447,1012.11945,47.030945,0
2023-01-01 05:55:00,22.994942,47.04479,1002.6125,49.171844,0
2023-01-01 05:56:00,24.962975,57.268776,996.30725,50.392883,0
2023-01-01 05:57:00,24.422682,61.95902,1001.4339,39.35633,0
2023-01-01 05:58:00,25.645437,52.605442,982.2377,52.29084,0
2023-01-01 05:59:00,23.345537,60.9168,1004.08655,45.101395,0
2023-01-01 06:00:00,26.038692,59.92345,989.7063,44.233337,0
2023-01-01 06:01:00,28.065477,62.896458,986.4733,41.56328,0
2023-01-01 06:02:00,35.700687,60.5979,984.7764,102.831276,1
2023-01-01 06:03:00,25.803423,55.134655,1011.1269,43.222763,0
2023-01-01 06:04:00,26.380287,65.98286,993.70734,46.454895,0
2023-01-01 06:05:00,24.19756,59.20735,1015.3373,59.766296,0
2023-01-01 06:06:00,25.448185,59.863476,994.64197,47.3706,0
2023-01-01 06:07:00,25.025185,55.33366,982.9264,50.888752,0
2023-01-01 06:08:00,25.195353,57.78359,988.8348,52.002407,0
2023-01-01 06:09:00,23.45398,55.575985,1012.3581,50.655327,0
2023-01-01 06:10:00,25.04902,59.13527,998.44104,49.61278,0
2023-01-01 06:11:00,25.995996,68.55854,994.51715,44.023533,0
2023-01-01 06:12:00,27.902287,53.140495,1001.60016,57.25464,0
2023-01-01 06:13:00,26.918541,51.932194,1005.0178,59.035984,0
2023-01-01 06:14:00,29.306364,67.35585,1011.174,41.586708,0
2023-01-01 06:15:00,23.465305,58.95338,1014.485,44.879856,0
2023-01-01 06:16:00,26.74464,56.654636,996.40234,48.60095,0
2023-01-01 06:17:00,25.366684,65.199524,986.7395,45.17731,0
2023-01-01 06:18:00,29.379606,56.971924,995.86536,52.529827,0
2023-01-01 06:19:00,23.383404,69.13005,1002.6028,46.35864,0
2023-01-01 06:20:00,23.320557,63.38963,990.3624,60.82528,0
2023-01-01 06:21:00,23.801214,57.560444,990.42847,55.952744,0
2023-01-01 06:22:00,20.752209,70.786545,1003.43787,51.06287,0
2023-01-01 06:23:00,23.94849,56.971424,999.5135,55.13493,0
2023-01-01 06:24:00,23.481735,63.710476,1000.32794,55.529503,0
2023-01-01 06:25:00,25.300787,61.496464,992.41504,47.180264,0
2023-01-01 06:26:00,25.683512,66.508705,997.696,45.918915,0
2023-01-01 06:27:00,28.752342,67.807556,990.7577,50.390717,0
2023-01-01 06:28:00,26.900848,60.16002,1008.902,54.30818,0
2023-01-01 06:29:00,23.846193,56.23291,1010.3525,50.6953,0
2023-01-01 06:30:00,23.20317,62.299862,981.53815,42.115017,0
2023-01-01 06:31:00,25.983839,56.611423,990.7049,45.985878,0
2023-01-01 06:32:00,22.359533,70.06693,985.0347,49.630135,0
2023-01-01 06:33:00,28.662918,60.68268,993.49976,49.621674,0
2023-01-01 06:34:00,27.358881,58.173393,999.16565,59.86271,0
2023-01-01 06:35:00,24.06165,60.9234,985.50354,43.07006,0
2023-01-01 06:36:00,21.57373,53.26437,990.7814,52.527946,0
2023-01-01 06:37:00,27.707745,55.14193,989.96045,57.445564,0
2023-01-01 06:38:00,24.77092,66.00207,1002.0727,61.35725,0
2023-01-01 06:39:00,27.475632,56.71553,1000.6934,47.978012,0
2023-01-01 06:40:00,21.811144,54.765446,992.78265,52.457146,0
2023-01-01 06:41:00,23.80125,62.68326,1001.7682,52.8488,0
2023-01-01 06:42:00,25.010487,65.92852,994.5332,50.97741,0
2023-01-01 06:43:00,25.093962,63.594765,997.28345,49.505775,0
2023-01-01 06:44:00,24.099869,64.98024,1016.7345,52.17988,0
2023-01-01 06:45:00,10.954148,56.216026,1013.4046,144.32977,1
2023-01-01 06:46:00,22.86476,52.890945,987.0042,53.410347,0
2023-01-01 06:47:00,14.101961,67.50667,1008.2973,119.14167,1
2023-01-01 06:48:00,25.240591,58.3866,1008.11395,48.887627,0
2023-01-01 06:49:00,26.028877,58.745834,988.5174,60.23431,0
2023-01-01 06:50:00,26.42323,66.64097,1008.1878,46.625328,0
2023-01-01 06:51:00,22.750715,62.78115,1015.37933,47.98462,0
2023-01-01 06:52:00,21.931772,62.279438,988.77454,59.957767,0
2023-01-01 06:53:00,27.555353,70.82501,990.82495,45.839695,0
2023-01-01 06:54:00,25.664627,56.78241,1010.17664,47.249424,0
2023-01-01 06:55:00,23.503027,64.6392,1002.71497,49.264874,0
2023-01-01 06:56:00,28.102304,60.285065,1005.5148,54.203674,0
2023-01-01 06:57:00,25.23135,61.34296,1003.4059,51.039013,0
2023-01-01 06:58:00,27.358595,67.64234,1003.907,43.536873,0
2023-01-01 06:59:00,25.135036,62.539177,986.7353,47.339157,0
2023-01-01 07:00:00,29.121496,62.69148,1010.4732,46.963226,0
2023-01-01 07:01:00,28.510681,65.36253,1011.6959,49.613895,0
2023-01-01 07:02:00,24.502071,58.175236,997.7061,52.12922,0
2023-01-01 07:03:00,26.943142,55.80395,999.56525,52.09103,0
2023-01-01 07:04:00,26.290752,54.775955,984.6889,41.11994,0
2023-01-01 07:05:00,27.737263,50.168217,1005.1425,55.319706,0
2023-01-01 07:06:00,23.070152,70.28104,1005.7206,51.262844,0
2023-01-01 07:07:00,26.372103,54.48396,999.3781,56.92266,0
2023-01-01 07:08:00,27.11685,58.89373,1011.2435,52.220993,0
2023-01-01 07:09:00,21.482521,58.615932,996.65924,55.506615,0
2023-01-01 07:10:00,22.633484,61.537033,1005.64606,52.332726,0
2023-01-01 07:11:00,9.301427,64.07869,989.80334,121.88825,1
2023-01-01 07:12:00,24.461185,64.30237,999.76447,52.61125,0
2023-01-01 07:13:00,26.435085,57.084614,998.2565,49.510426,0
2023-01-01 07:14:00,28.004715,59.16439,1002.25305,61.362175,0
2023-01-01 07:15:00,25.14819,61.4129,996.30475,54.445187,0
2023-01-01 07:16:00,28.25723,58.756546,998.6853,52.86872,0
2023-01-01 07:17:00,22.239798,68.03673,1008.2605,43.618477,0
2023-01-01 07:18:00,21.593235,62.454876,995.6324,43.55846,0
2023-01-01 07:19:00,24.888905,63.67439,983.9342,51.463577,0
2023-01-01 07:20:00,25.768131,63.314407,1017.49585,50.727608,0
2023-01-01 07:21:00,24.93461,65.86737,1013.8145,46.929386,0
2023-01-01 07:22:00,20.865116,60.90511,987.0774,50.704914,0
2023-01-01 07:23:00,24.82176,53.51584,1006.8971,57.943134,0
2023-01-01 07:24:00,22.391062,61.99844,994.9703,53.477013,0
2023-01-01 07:25:00,26.339346,56.743214,1002.6349,44.294956,0
2023-01-01 07:26:00,25.733196,57.35692,1002.94226,49.442455,0
2023-01-01 07:27:00,23.120241,62.93182,997.65594,45.975166,0
2023-01-01 07:28:00,23.972265,66.191414,992.16235,48.0615,0
2023-01-01 07:29:00,22.881573,60.106358,993.0946,47.931923,0
2023-01-01 07:30:00,24.874641,61.544167,990.8381,47.61177,0
2023-01-01 07:31:00,26.910284,68.51108,991.68176,43.724323,0
2023-01-01 07:32:00,23.028547,61.203766,999.32825,49.361725,0
2023-01-01 07:33:00,26.008093,73.008415,992.8424,47.19696,0
2023-01-01 07:34:00,23.939486,62.82755,1006.8205,35.352757,0
2023-01-01 07:35:00,23.414255,51.196186,1014.87244,60.26486,0
2023-01-01 07:36:00,24.78594,63.76671,994.19946,55.443848,0
2023-01-01 07:37:00,22.929516,61.905792,1002.39404,48.118496,0
2023-01-01 07:38:00,23.892702,66.44876,1004.9968,50.094097,0
2023-01-01 07:39:00,22.604244,63.365906,1004.72003,44.141727,0
2023-01-01 07:40:00,28.929451,59.30772,1000.7596,58.478615,0
2023-01-01 07:41:00,43.429455,53.87851,1007.4268,122.294334,1
2023-01-01 07:42:00,23.60055,58.954884,1004.8225,50.78347,0
2023-01-01 07:43:00,25.42796,55.7474,987.62335,55.117653,0
2023-01-01 07:44:00,24.775345,57.09738,1008.6916,50.876434,0
2023-01-01 07:45:00,24.558062,62.94289,1008.8729,43.316372,0
2023-01-01 07:46:00,26.228333,68.349525,992.3671,47.940884,0
2023-01-01 07:47:00,26.515015,61.97336,1000.3794,50.65964,0
2023-01-01 07:48:00,23.938997,54.020584,1006.8333,47.72726,0
2023-01-01 07:49:00,23.848364,62.223015,997.90686,48.906734,0
2023-01-01 07:50:00,24.449896,65.983154,1010.7298,49.543003,0
2023-01-01 07:51:00,20.396158,56.951084,1023.63873,49.595608,0
2023-01-01 07:52:00,21.969618,59.329914,992.14014,50.26129,0
2023-01-01 07:53:00,27.73375,60.07344,986.1896,44.696976,0
2023-01-01 07:54:00,28.289936,56.07551,1003.0382,46.41492,0
2023-01-01 07:55:00,24.501928,63.2414,1007.21564,43.57708,0
2023-01-01 07:56:00,26.153114,59.39526,997.69135,54.889076,0
2023-01-01 07:57:00,25.6225,62.097664,1014.5326,39.471764,0
2023-01-01 07:58:00,31.157763,55.56254,986.61395,55.767952,0
2023-01-01 07:59:00,27.23915,57.81271,1006.9292,56.931747,0
2023-01-01 08:00:00,24.744165,63.611908,993.9414,48.489098,0
2023-01-01 08:01:00,23.088919,58.135834,1017.1938,36.984314,0
2023-01-01 08:02:00,21.787107,68.63482,1019.9252,48.193447,0
2023-01-01 08:03:00,25.406927,58.00182,992.33344,49.67908,0
2023-01-01 08:04:00,23.487299,61.123425,994.50446,44.94701,0
2023-01-01 08:05:00,22.155493,64.66296,1008.5959,47.42391,0
2023-01-01 08:06:00,23.706854,52.908173,996.1287,57.650974,0
2023-01-01 08:07:00,22.836905,51.195957,999.5459,53.324635,0
2023-01-01 08:08:00,28.374283,52.37172,1000.2539,45.37718,0
2023-01-01 08:09:00,26.763279,66.31292,980.8033,42.012005,0
2023-01-01 08:10:00,24.984055,57.240707,999.86163,48.364914,0
2023-01-01 08:11:00,27.959888,72.79099,993.1027,48.932716,0
2023-01-01 08:12:00,25.154737,57.17876,995.0688,52.480995,0
2023-01-01 08:13:00,23.277431,60.922756,1014.43634,47.323418,0
2023-01-01 08:14:00,28.046247,67.71055,987.43494,52.5575,0
2023-01-01 08:15:00,26.07782,70.030464,1008.1321,59.67577,0
2023-01-01 08:16:00,22.925508,70.30752,997.2104,54.077507,0
2023-01-01 08:17:00,24.619322,66.04183,997.2024,49.759556,0
2023-01-01 08:18:00,23.248764,65.120316,1007.90375,49.084248,0
2023-01-01 08:19:00,22.2344,62.962635,1003.4005,48.216633,0
2023-01-01 08:20:00,26.852356,63.891804,1005.7061,55.903206,0
2023-01-01 08:21:00,28.818832,57.244072,1009.6818,46.863434,0
2023-01-01 08:22:00,22.202866,55.909004,996.6869,50.226112,0
2023-01-01 08:23:00,26.125938,59.983128,993.8776,50.25599,0
2023-01-01 08:24:00,23.698715,59.14908,989.1485,47.491077,0
2023-01-01 08:25:00,24.02575,57.73386,991.7459,43.137672,0
2023-01-01 08:26:00,23.815212,63.481937,1029.491,51.614872,0
2023-01-01 08:27:00,23.272018,64.77653,1012.4468,49.69498,0
2023-01-01 08:28:00,25.097044,60.442036,986.48926,52.5012,0
2023-01-01 08:29:00,23.3381,67.38765,986.7754,47.331997,0
2023-01-01 08:30:00,25.540915,54.291553,1004.81866,56.104107,0
2023-01-01 08:31:00,24.899525,59.031704,1005.47266,45.61613,0
2023-01-01 08:32:00,24.522104,56.41589,1005.48883,58.5602,0
2023-01-01 08:33:00,23.184874,50.667316,997.45044,41.261818,0
2023-01-01 08:34:00,23.846457,59.586597,998.7455,52.17385,0
2023-01-01 08:35:00,26.510782,59.391262,1003.2788,52.377155,0
2023-01-01 08:36:00,26.001835,67.567245,1000.85895,46.022213,0
2023-01-01 08:37:00,23.04489,63.154057,977.807,52.12197,0
2023-01-01 08:38:00,14.158143,54.879066,997.702,125.143776,1
2023-01-01 08:39:00,26.502775,69.27046,991.48596,38.915905,0
2023-01-01 08:40:00,21.66119,66.10517,1001.75214,52.513725,0
2023-01-01 08:41:00,26.08672,62.91049,1029.8525,37.533646,0
2023-01-01 08:42:00,37.651707,58.86758,1003.6748,133.14299,1
2023-01-01 08:43:00,26.141197,55.202805,996.8647,58.145832,0
2023-01-01 08:44:00,23.473482,58.138966,1009.218,47.09109,0
2023-01-01 08:45:00,21.390236,65.44374,1004.8269,44.1306,0
2023-01-01 08:46:00,21.744915,69.42293,1004.2009,49.01031,0
2023-01-01 08:47:00,25.09617,67.71622,1006.0685,60.33953,0
2023-01-01 08:48:00,25.519445,57.55575,1020.5654,40.841587,0
2023-01-01 08:49:00,23.191366,54.401913,988.6911,44.74345,0
2023-01-01 08:50:00,26.277185,60.70443,1004.7363,57.48716,0
2023-01-01 08:51:00,21.67696,51.157803,990.7362,59.288513,0
2023-01-01 08:52:00,24.86784,61.615837,1005.5551,49.482845,0
2023-01-01 08:53:00,22.577967,59.261986,990.8131,43.804737,0
2023-01-01 08:54:00,23.696327,57.66982,995.82635,60.479218,0
2023-01-01 08:55:00,25.094797,52.026485,997.0491,57.972214,0
2023-01-01 08:56:00,23.279173,62.568,1009.7582,53.394733,0
2023-01-01 08:57:00,24.230888,57.336494,1009.1846,45.93799,0
2023-01-01 08:58:00,27.012585,54.150417,987.54285,49.754852,0
2023-01-01 08:59:00,23.846216,45.638687,1000.5493,49.1982,0
2023-01-01 09:00:00,26.671385,59.862427,992.9042,51.654255,0
2023-01-01 09:01:00,22.740587,68.86126,987.415,57.25501,0
2023-01-01 09:02:00,26.059608,68.3063,997.82983,54.397087,0
2023-01-01 09:03:00,27.883137,57.71452,996.91516,44.61312,0
2023-01-01 09:04:00,20.056711,56.98894,1024.2672,56.88248,0
2023-01-01 09:05:00,23.40621,62.343872,1004.3296,51.565662,0
2023-01-01 09:06:00,26.154144,55.00807,986.2238,53.43533,0
2023-01-01 09:07:00,24.593908,61.50896,994.35223,57.332703,0
2023-01-01 09:08:00,25.742292,63.830402,1010.2138,44.4421,0
2023-01-01 09:09:00,23.79203,66.13467,1020.8844,49.820873,0
2023-01-01 09:10:00,25.17318,59.49923,984.14014,47.342728,0
2023-01-01 09:11:00,24.688646,58.981632,981.20074,42.1607,0
2023-01-01 09:12:00,27.335564,55.61009,1018.70966,51.73355,0
2023-01-01 09:13:00,25.508842,55.865597,1003.8961,62.55778,0
2023-01-01 09:14:00,25.675205,58.867607,991.3171,40.79961,0
2023-01-01 09:15:00,24.176247,61.836826,1005.3463,49.838596,0
2023-01-01 09:16:00,24.024788,64.567924,973.6425,53.202713,0
2023-01-01 09:17:00,24.134884,55.984104,1000.03375,50.61539,0
2023-01-01 09:18:00,25.788904,67.46344,1003.2782,49.43436,0
2023-01-01 09:19:00,24.158031,58.644382,1009.2427,43.503918,0
2023-01-01 09:20:00,25.57955,59.89316,989.861,51.163933,0
2023-01-01 09:21:00,29.1508,56.263943,1000.8569,46.21618,0
2023-01-01 09:22:00,26.742249,47.8788,990.7457,39.050392,0
2023-01-01 09:23:00,24.347954,64.42023,1002.55383,55.97296,0
2023-01-01 09:24:00,27.402428,63.68422,991.0465,54.791927,0
2023-01-01 09:25:00,24.18385,58.59336,995.919,50.258305,0
2023-01-01 09:26:00,20.923752,60.334953,990.0419,51.145374,0
2023-01-01 09:27:00,22.983828,62.579697,1006.51135,55.37159,0
2023-01-01 09:28:00,21.258415,52.18727,1008.58453,51.121696,0
2023-01-01 09:29:00,24.296972,57.354736,997.6538,54.52009,0
2023-01-01 09:30:00,25.036837,63.971325,1000.3824,48.51259,0
2023-01-01 09:31:00,28.352875,53.728554,985.5141,56.559917,0
2023-01-01 09:32:00,25.653854,61.46779,997.00323,51.603928,0
2023-01-01 09:33:00,24.561798,53.21709,999.4979,50.97026,0
2023-01-01 09:34:00,26.658812,62.33215,1026.2079,43.649696,0
2023-01-01 09:35:00,20.57773,59.821793,988.8803,51.43478,0
2023-01-01 09:36:00,25.47123,51.92434,1014.6418,45.840225,0
2023-01-01 09:37:00,26.54173,65.8237,1009.96857,46.808586,0
2023-01-01 09:38:00,22.042828,56.32704,1002.80634,45.923122,0
2023-01-01 09:39:00,27.287508,55.94874,1017.5862,44.668827,0
2023-01-01 09:40:00,25.676992,61.002846,1003.72107,60.623856,0
2023-01-01 09:41:00,24.169424,65.74319,1003.8916,56.656696,0
2023-01-01 09:42:00,26.265564,54.92089,999.4688,59.601837,0
2023-01-01 09:43:00,29.541386,60.3084,1012.2357,43.885525,0
2023-01-01 09:44:00,25.363733,62.14408,1010.9647,50.35627,0
2023-01-01 09:45:00,25.49644,63.465527,993.7432,43.532463,0
2023-01-01 09:46:00,24.081278,60.882206,986.80756,46.521526,0
2023-01-01 09:47:00,23.300312,58.16486,997.9702,45.409367,0
2023-01-01 09:48:00,26.660671,55.86205,991.99963,56.19792,0
2023-01-01 09:49:00,23.287832,60.43072,999.36475,48.018852,0
2023-01-01 09:50:00,25.143133,54.639305,1012.3744,55.341896,0
2023-01-01 09:51:00,24.044685,45.393246,995.427,53.020603,0
2023-01-01 09:52:00,38.753212,62.1828,999.5718,131.33766,1
2023-01-01 09:53:00,25.667324,64.51968,1000.5802,42.60278,0
2023-01-01 09:54:00,27.075079,48.185337,1008.4843,56.296165,0
2023-01-01 09:55:00,23.979967,54.951347,977.5311,55.732204,0
2023-01-01 09:56:00,24.46025,63.09577,993.933,45.133106,0
2023-01-01 09:57:00,23.042473,70.287476,1002.11285,55.035667,0
2023-01-01 09:58:00,24.111414,60.10397,1012.0008,51.680725,0
2023-01-01 09:59:00,25.7546,56.359985,995.081,48.862617,0
2023-01-01 10:00:00,26.513977,59.085518,981.2345,45.88032,0
2023-01-01 10:01:00,23.15567,66.87438,1006.19714,46.404453,0
2023-01-01 10:02:00,26.739212,56.77018,993.64636,60.24906,0
2023-01-01 10:03:00,27.711275,56.00404,988.10333,50.003414,0
2023-01-01 10:04:00,25.82687,57.58628,993.75653,53.91065,0
2023-01-01 10:05:00,28.753592,55.233356,998.1547,46.0455,0
2023-01-01 10:06:00,23.452421,60.61335,993.9526,46.100735,0
2023-01-01 10:07:00,22.51069,68.12339,977.94434,55.409924,0
2023-01-01 10:08:00,21.44256,61.615395,1008.97064,43.252117,0
2023-01-01 10:09:00,27.992088,58.73823,1012.7488,47.92393,0
2023-01-01 10:10:00,26.308731,58.540943,1006.5152,50.170135,0
2023-01-01 10:11:00,24.88883,52.184048,988.62317,50.55686,0
2023-01-01 10:12:00,25.559937,64.41555,997.9851,49.104534,0
2023-01-01 10:13:00,22.749022,59.610813,999.9348,51.9791,0
2023-01-01 10:14:00,29.891504,59.0976,1005.9879,53.46428,0
2023-01-01 10:15:00,25.258442,75.96554,1006.6834,53.673187,0
2023-01-01 10:16:00,25.21879,61.493763,992.65826,45.07098,0
2023-01-01 10:17:00,26.451532,56.241043,1000.81995,48.579224,0
2023-01-01 10:18:00,25.962019,57.868214,1004.5728,55.973816,0
2023-01-01 10:19:00,25.447767,65.742226,1014.5582,54.473236,0
2023-01-01 10:20:00,23.41905,60.566353,1007.04504,43.135704,0
2023-01-01 10:21:00,25.942936,52.80861,1007.89056,51.7574,0
2023-01-01 10:22:00,28.76405,64.596146,1000.83826,40.108875,0
2023-01-01 10:23:00,27.69084,56.65928,1014.1046,50.234676,0
2023-01-01 10:24:00,28.186373,69.366486,1004.09766,59.488834,0
2023-01-01 10:25:00,23.97757,65.40024,991.3891,45.260536,0
2023-01-01 10:26:00,23.02079,57.76339,1014.0337,45.828384,0
2023-01-01 10:27:00,24.748426,66.40508,1006.979,53.82015,0
2023-01-01 10:28:00,25.11145,60.33928,995.5696,42.28599,0
2023-01-01 10:29:00,27.188383,64.26387,995.2051,46.836224,0
2023-01-01 10:30:00,21.61507,62.423664,1002.96576,52.982204,0
2023-01-01 10:31:00,28.059101,55.768215,1004.63184,46.82857,0
2023-01-01 10:32:00,24.683985,56.78225,1001.9729,48.82015,0
2023-01-01 10:33:00,24.146238,65.1498,1003.1131,53.72093,0
2023-01-01 10:34:00,22.975792,58.326122,1016.9996,52.10773,0
2023-01-01 10:35:00,21.690287,57.98176,1010.71545,51.33409,0
2023-01-01 10:36:00,26.646341,55.22439,1001.9064,48.30439,0
2023-01-01 10:37:00,25.146635,62.117996,1009.4131,51.850307,0
2023-01-01 10:38:00,22.420078,70.31262,989.67474,49.381336,0
2023-01-01 10:39:00,22.409842,54.662334,1003.97925,52.28903,0
2023-01-01 10:40:00,24.32843,60.121098,1018.0931,47.51534,0
2023-01-01 10:41:00,28.338043,67.061104,997.8195,49.087154,0
2023-01-01 10:42:00,24.480818,59.60179,991.5237,45.050213,0
2023-01-01 10:43:00,21.993713,62.26186,993.4791,49.824963,0
2023-01-01 10:44:00,24.508514,54.688034,989.1037,45.944996,0
2023-01-01 10:45:00,24.454554,62.141537,992.1524,44.429768,0
2023-01-01 10:46:00,19.606226,59.064278,996.2949,51.293304,0
2023-01-01 10:47:00,24.89141,64.92865,985.94434,51.063698,0
2023-01-01 10:48:00,24.538132,65.93693,1000.1562,53.914368,0
2023-01-01 10:49:00,26.392412,72.947815,1009.02277,47.84437,0
2023-01-01 10:50:00,28.697912,62.898167,990.9224,52.040264,0
2023-01-01 10:51:00,27.25313,61.628983,1015.1928,52.753986,0
2023-01-01 10:52:00,24.462223,60.97192,1005.1079,52.22387,0
2023-01-01 10:53:00,22.786947,58.23417,1010.3058,45.87173,0
2023-01-01 10:54:00,30.146719,61.69242,993.42163,50.74682,0
2023-01-01 10:55:00,25.118437,58.52299,1008.5452,51.8207,0
2023-01-01 10:56:00,25.027859,60.842304,989.0807,50.035892,0
2023-01-01 10:57:00,24.95175,66.58799,1008.90247,39.56761,0
2023-01-01 10:58:00,25.39617,54.96729,1001.7184,50.80245,0
2023-01-01 10:59:00,24.711279,65.699394,1005.53253,61.062656,0
2023-01-01 11:00:00,23.852676,66.58558,988.2441,48.199802,0
2023-01-01 11:01:00,23.906282,59.409657,991.0493,46.359615,0
2023-01-01 11:02:00,24.934494,49.390724,1005.9723,51.86674,0
2023-01-01 11:03:00,23.91315,56.96089,990.51654,51.56189,0
2023-01-01 11:04:00,23.574308,66.48497,1004.6321,55.963676,0
2023-01-01 11:05:00,25.21286,59.88566,986.3286,43.71066,0
2023-01-01 11:06:00,24.490046,55.00349,1008.48175,53.656902,0
2023-01-01 11:07:00,28.007986,57.476124,987.67474,52.95211,0
2023-01-01 11:08:00,19.698061,64.2031,1005.523,49.28927,0
2023-01-01 11:09:00,27.183014,62.73367,1006.2563,51.693436,0
2023-01-01 11:10:00,27.49217,58.80534,993.0323,55.14729,0
2023-01-01 11:11:00,20.85322,58.16588,1005.82025,54.361576,0
2023-01-01 11:12:00,24.314625,58.04121,1002.60443,44.284904,0
2023-01-01 11:13:00,24.257118,55.38795,994.6116,54.100792,0
2023-01-01 11:14:00,22.184977,68.07688,989.9144,49.676556,0
2023-01-01 11:15:00,23.444366,58.388397,980.3737,50.364372,0
2023-01-01 11:16:00,22.778849,66.08579,1003.4965,50.365986,0
2023-01-01 11:17:00,28.504541,67.60658,984.352,49.248787,0
2023-01-01 11:18:00,26.871357,64.991554,1000.9534,55.958538,0
2023-01-01 11:19:00,27.54311,57.8419,997.36554,49.58141,0
2023-01-01 11:20:00,26.443344,62.01865,1006.79144,44.402267,0
2023-01-01 11:21:00,22.741896,59.87902,996.97955,48.032352,0
2023-01-01 11:22:00,23.95096,55.48149,996.7055,50.893475,0
2023-01-01 11:23:00,25.978748,61.621796,1007.3187,56.146072,0
2023-01-01 11:24:00,22.555744,54.1048,1003.3506,53.015472,0
2023-01-01 11:25:00,26.425997,65.9384,1003.16156,45.747322,0
2023-01-01 11:26:00,24.51935,57.676914,1004.6927,62.42595,0
2023-01-01 11:27:00,24.250359,61.0058,984.6443,51.323875,0
2023-01-01 11:28:00,26.42192,61.41644,1007.5679,56.376953,0
2023-01-01 11:29:00,25.888527,58.705475,1006.1247,49.24143,0
2023-01-01 11:30:00,24.278069,62.933468,989.8332,52.666798,0
2023-01-01 11:31:00,27.318659,57.62548,997.5592,54.197342,0
2023-01-01 11:32:00,22.837873,64.35648,999.60693,56.090973,0
2023-01-01 11:33:00,26.23187,53.270103,998.655,55.286842,0
2023-01-01 11:34:00,26.186203,60.631897,1003.3386,54.360985,0
2023-01-01 11:35:00,24.380907,69.69465,1014.31366,48.42457,0
2023-01-01 11:36:00,25.652266,54.998344,1010.8177,47.14127,0
2023-01-01 11:37:00,22.497772,56.611275,986.8778,51.663036,0
2023-01-01 11:38:00,26.848055,62.56954,1006.2207,54.66564,0
2023-01-01 11:39:00,24.630196,60.897907,1013.2893,48.8864,0
2023-01-01 11:40:00,23.954554,61.75315,1003.8681,55.32586,0
2023-01-01 11:41:00,27.098019,62.445934,1010.9098,57.263084,0
2023-01-01 11:42:00,23.591312,63.173607,1020.1227,45.418396,0
2023-01-01 11:43:00,22.183077,65.5485,1010.2371,45.815395,0
2023-01-01 11:44:00,21.886742,62.049095,1002.4931,49.298126,0
2023-01-01 11:45:00,26.212019,58.793713,1010.45087,51.538063,0
2023-01-01 11:46:00,22.439142,63.36287,1001.44885,47.377167,0
2023-01-01 11:47:00,28.509588,69.49941,1000.239,56.761013,0
2023-01-01 11:48:00,20.836142,59.33683,996.48584,52.120335,0
2023-01-01 11:49:00,28.392912,55.127354,1015.63416,50.197235,0
2023-01-01 11:50:00,25.422035,65.5354,991.81573,42.820454,0
2023-01-01 11:51:00,24.806574,59.398094,1015.32367,43.42092,0
2023-01-01 11:52:00,23.910162,49.136654,1004.99866,51.405045,0
2023-01-01 11:53:00,25.798273,64.23711,986.00696,39.33702,0
2023-01-01 11:54:00,24.92473,57.32336,1003.6765,55.063187,0
2023-01-01 11:55:00,27.206604,59.547333,978.99976,49.209232,0
2023-01-01 11:56:00,25.228455,61.6599,1006.25507,66.21546,0
2023-01-01 11:57:00,25.300604,60.9525,1008.8523,61.53958,0
2023-01-01 11:58:00,24.272776,63.54726,994.0764,49.092754,0
2023-01-01 11:59:00,24.886108,57.822567,1001.2355,49.468315,0
2023-01-01 12:00:00,25.615604,62.56553,1019.54156,54.97791,0
2023-01-01 12:01:00,21.579662,58.702267,994.9425,58.51586,0
2023-01-01 12:02:00,22.303629,63.694054,989.41095,41.809856,0
2023-01-01 12:03:00,26.486528,63.076836,1014.81665,41.068123,0
2023-01-01 12:04:00,25.34173,55.322807,1019.62585,46.889828,0
2023-01-01 12:05:00,24.632032,65.42991,1000.0369,52.91369,0
2023-01-01 12:06:00,25.036867,57.320183,1010.1146,52.484367,0
2023-01-01 12:07:00,25.695164,64.04029,1013.41473,55.348858,0
2023-01-01 12:08:00,23.92048,61.836437,992.57513,44.00151,0
2023-01-01 12:09:00,23.44339,69.19092,995.1469,38.41928,0
2023-01-01 12:10:00,25.391691,58.88267,1012.3087,54.29007,0
2023-01-01 12:11:00,23.043255,58.253414,1016.85016,45.85902,0
2023-01-01 12:12:00,25.816505,59.9029,1005.6288,39.907562,0
2023-01-01 12:13:00,21.594833,58.4841,991.20184,50.72532,0
2023-01-01 12:14:00,27.058311,63.99971,1019.8706,53.965878,0
2023-01-01 12:15:00,44.12208,51.918446,994.6903,131.65894,1
2023-01-01 12:16:00,25.51206,54.731586,996.6486,47.71076,0
2023-01-01 12:17:00,26.965382,54.660984,1003.4234,49.20319,0
2023-01-01 12:18:00,28.33095,64.75154,1015.5416,48.147087,0
2023-01-01 12:19:00,27.02874,68.55307,1008.53973,43.259766,0
2023-01-01 12:20:00,21.31825,59.477753,1004.1487,46.426598,0
2023-01-01 12:21:00,22.440845,59.15589,1004.6329,52.6064,0
2023-01-01 12:22:00,23.750362,60.35026,1000.4351,51.60839,0
2023-01-01 12:23:00,43.230034,65.809395,1005.5814,111.751564,1
2023-01-01 12:24:00,26.035318,55.363235,974.7044,45.024258,0
2023-01-01 12:25:00,23.548512,61.191845,997.03394,49.092484,0
2023-01-01 12:26:00,25.373533,64.87599,1002.4132,39.114674,0
2023-01-01 12:27:00,23.489235,62.50547,988.48987,50.892384,0
2023-01-01 12:28:00,23.776964,60.947906,1003.8632,57.144287,0
2023-01-01 12:29:00,22.186678,65.00523,997.95526,42.62934,0
2023-01-01 12:30:00,23.153534,46.483837,1017.55475,47.070362,0
2023-01-01 12:31:00,22.29663,63.389378,1015.7302,51.645535,0
2023-01-01 12:32:00,23.048254,56.72962,995.3419,56.264214,0
2023-01-01 12:33:00,27.107285,50.846836,998.49164,47.758877,0
2023-01-01 12:34:00,23.101202,62.55601,999.2605,46.53875,0
2023-01-01 12:35:00,30.264765,66.86829,995.4834,40.155384,0
2023-01-01 12:36:00,25.986635,59.312756,1001.95026,50.51719,0
2023-01-01 12:37:00,25.369673,64.76437,992.4172,60.21038,0
2023-01-01 12:38:00,23.283285,68.06139,988.69385,51.38679,0
2023-01-01 12:39:00,26.40062,66.57457,1006.2271,49.888603,0
2023-01-01 12:40:00,23.848724,68.19982,1006.2953,51.610413,0
2023-01-01 12:41:00,25.24402,63.710636,991.95685,49.94454,0
2023-01-01 12:42:00,30.120169,60.377167,1008.95355,45.93493,0
2023-01-01 12:43:00,24.80788,51.99017,993.6842,54.116398,0
2023-01-01 12:44:00,27.298546,58.769688,1002.5317,51.128807,0
2023-01-01 12:45:00,23.593647,55.783768,1008.2034,50.088066,0
2023-01-01 12:46:00,44.861767,70.85471,999.6639,141.04245,1
2023-01-01 12:47:00,28.541601,59.12057,1004.5474,56.51754,0
2023-01-01 12:48:00,42.621296,60.616024,994.8357,146.80882,1
2023-01-01 12:49:00,28.624897,62.757427,998.03534,47.235397,0
2023-01-01 12:50:00,26.415504,60.218014,997.9414,55.009125,0
2023-01-01 12:51:00,23.875067,68.47526,992.53424,47.512146,0
2023-01-01 12:52:00,26.264816,56.886753,998.23224,46.08998,0
2023-01-01 12:53:00,26.945108,60.973038,984.5138,46.201485,0
2023-01-01 12:54:00,26.24362,56.287647,995.08844,41.144657,0
2023-01-01 12:55:00,21.85955,53.399887,997.15125,52.35771,0
2023-01-01 12:56:00,23.545725,56.941154,997.43823,40.844276,0
2023-01-01 12:57:00,24.504963,59.814816,997.585,43.85778,0
2023-01-01 12:58:00,24.851133,57.85349,999.3824,39.62206,0
2023-01-01 12:59:00,26.241344,56.537895,1004.79443,49.569653,0
2023-01-01 13:00:00,25.355402,52.968414,1008.7452,49.248398,0
2023-01-01 13:01:00,22.329311,59.584473,993.5023,48.36652,0
2023-01-01 13:02:00,25.760395,52.4764,987.968,44.787113,0
2023-01-01 13:03:00,26.221172,63.80028,989.5795,44.138832,0
2023-01-01 13:04:00,26.119581,60.412197,995.128,52.32185,0
2023-01-01 13:05:00,27.161562,52.712242,996.4808,47.247242,0
2023-01-01 13:06:00,26.667845,58.453953,992.30005,51.58179,0
2023-01-01 13:07:00,25.91836,56.23922,987.0388,45.573757,0
2023-01-01 13:08:00,24.859669,61.59587,995.4388,50.905315,0
2023-01-01 13:09:00,21.678078,66.702255,1001.8143,56.51639,0
2023-01-01 13:10:00,25.859236,50.624138,1005.9503,52.93083,0
2023-01-01 13:11:00,25.415375,60.57513,994.4258,47.93793,0
2023-01-01 13:12:00,25.543158,59.199337,995.87,51.285995,0
2023-01-01 13:13:00,22.446503,63.3567,990.73303,48.796673,0
2023-01-01 13:14:00,22.837887,61.065983,999.6856,50.039402,0
2023-01-01 13:15:00,27.106306,56.240154,991.5157,48.371944,0
2023-01-01 13:16:00,24.920889,58.40473,1005.73126,49.178326,0
2023-01-01 13:17:00,26.363,56.01987,982.14136,51.060467,0
2023-01-01 13:18:00,25.056637,65.380035,996.4037,45.033207,0
2023-01-01 13:19:00,25.059513,60.10656,1003.01105,44.920605,0
2023-01-01 13:20:00,26.876568,69.50595,1001.8383,43.05729,0
2023-01-01 13:21:00,23.96791,59.696697,1026.9303,41.998646,0
2023-01-01 13:22:00,25.192242,56.457966,1003.498,43.913586,0
2023-01-01 13:23:00,24.075449,52.431427,989.9595,50.797314,0
2023-01-01 13:24:00,24.131008,50.984303,999.04535,45.536064,0
2023-01-01 13:25:00,24.381657,52.07932,982.23755,52.568073,0
2023-01-01 13:26:00,25.444267,61.335632,999.19403,50.17357,0
2023-01-01 13:27:00,24.042503,62.543625,991.66943,40.15748,0
2023-01-01 13:28:00,27.511513,52.094048,1009.15393,53.27488,0
2023-01-01 13:29:00,23.210785,64.47519,994.5046,54.053993,0
2023-01-01 13:30:00,24.626257,57.584694,998.83234,45.030685,0
2023-01-01 13:31:00,24.120539,60.733967,993.6444,52.100956,0
2023-01-01 13:32:00,27.893955,68.061104,1017.3885,45.71751,0
2023-01-01 13:33:00,25.39311,64.4842,996.7876,50.488354,0
2023-01-01 13:34:00,27.063688,58.65735,1018.32556,43.67751,0
2023-01-01 13:35:00,22.02888,55.54404,1008.14154,41.03447,0
2023-01-01 13:36:00,35.88397,49.240925,1004.8207,117.111275,1
2023-01-01 13:37:00,26.779263,56.404232,1003.6873,49.381355,0
2023-01-01 13:38:00,7.5715237,58.944347,1003.938,135.9694,1
2023-01-01 13:39:00,27.13096,55.064102,980.72327,44.079845,0
2023-01-01 13:40:00,23.965424,59.343716,997.2112,48.000504,0
2023-01-01 13:41:00,27.818695,60.38426,1008.4516,51.346474,0
2023-01-01 13:42:00,29.597795,58.87572,999.51105,49.775536,0
2023-01-01 13:43:00,12.3187275,56.74999,985.9481,108.69819,1
2023-01-01 13:44:00,24.108995,60.843273,999.47595,46.649426,0
2023-01-01 13:45:00,27.906769,62.2097,1017.0411,55.85859,0
2023-01-01 13:46:00,40.347996,54.548004,1012.46893,149.81122,1
2023-01-01 13:47:00,23.95428,67.054665,999.37994,52.4378,0
2023-01-01 13:48:00,24.159626,59.50706,1009.51447,55.909454,0
2023-01-01 13:49:00,24.43643,60.09425,996.3349,52.40454,0
2023-01-01 13:50:00,22.311098,63.541073,982.9613,48.987377,0
2023-01-01 13:51:00,23.162697,61.16608,990.7553,47.358513,0
2023-01-01 13:52:00,22.991718,64.765686,1015.6289,55.18044,0
2023-01-01 13:53:00,23.464405,61.43562,997.2601,42.885124,0
2023-01-01 13:54:00,24.93063,56.937813,997.56616,45.14938,0
2023-01-01 13:55:00,25.46843,61.807518,997.00165,48.01221,0
2023-01-01 13:56:00,28.101002,54.28137,1019.0414,56.18827,0
2023-01-01 13:57:00,23.003292,60.542797,1016.2596,51.898838,0
2023-01-01 13:58:00,26.968645,59.83385,1022.1878,45.15977,0
2023-01-01 13:59:00,24.572021,58.959415,998.40955,48.44846,0
2023-01-01 14:00:00,24.901073,59.35731,1002.95624,46.928383,0
2023-01-01 14:01:00,26.34964,50.590755,984.83356,46.451054,0
2023-01-01 14:02:00,22.754557,57.256374,1014.76935,54.894447,0
2023-01-01 14:03:00,25.76482,60.464226,988.3222,43.141285,0
2023-01-01 14:04:00,25.332905,60.799282,1002.1678,58.043903,0
2023-01-01 14:05:00,25.984903,54.861626,989.027,54.141148,0
2023-01-01 14:06:00,25.578337,66.32854,994.1113,55.454308,0
2023-01-01 14:07:00,29.9106,55.669125,991.6274,47.685303,0
2023-01-01 14:08:00,23.72452,64.84728,993.92126,49.250298,0
2023-01-01 14:09:00,23.938005,62.13597,994.60876,42.83424,0
2023-01-01 14:10:00,23.75372,56.768864,994.51733,47.376686,0
2023-01-01 14:11:00,23.889046,68.87656,1008.3333,52.468273,0
2023-01-01 14:12:00,23.725225,54.031815,988.95135,56.480316,0
2023-01-01 14:13:00,27.378033,64.59577,1002.20544,44.464214,0
2023-01-01 14:14:00,27.84101,65.002914,1012.17957,48.17247,0
2023-01-01 14:15:00,23.858507,56.6469,994.86804,49.243504,0
2023-01-01 14:16:00,23.335289,66.962326,992.8208,43.021053,0
2023-01-01 14:17:00,25.942831,58.749767,997.69476,52.956745,0
2023-01-01 14:18:00,23.895554,61.44347,1011.79724,46.380047,0
2023-01-01 14:19:00,26.265863,61.30161,1001.9411,49.02305,0
2023-01-01 14:20:00,25.405846,59.328457,994.68787,47.740253,0
2023-01-01 14:21:00,21.968512,64.05404,1004.83875,46.053307,0
2023-01-01 14:22:00,28.09501,63.967445,988.97705,49.964775,0
2023-01-01 14:23:00,28.591755,51.25734,1006.8136,48.92195,0
2023-01-01 14:24:00,23.774422,66.5217,1004.08606,48.14071,0
2023-01-01 14:25:00,24.224596,51.687542,996.92194,46.357693,0
2023-01-01 14:26:00,25.571732,65.16273,991.61414,51.597622,0
2023-01-01 14:27:00,25.668913,65.63352,991.1332,58.268085,0
2023-01-01 14:28:00,26.31709,54.545166,1005.34814,50.699436,0
2023-01-01 14:29:00,29.020409,57.945927,1012.2898,54.98059,0
2023-01-01 14:30:00,24.646105,54.471478,993.6269,43.04889,0
2023-01-01 14:31:00,23.403406,58.925396,1004.58386,50.788807,0
2023-01-01 14:32:00,22.241362,58.459827,979.1297,44.513157,0
2023-01-01 14:33:00,23.53814,63.898304,994.1538,42.615376,0
2023-01-01 14:34:00,24.933746,66.551544,999.6894,46.303143,0
2023-01-01 14:35:00,28.589115,66.97842,990.90314,55.959496,0
2023-01-01 14:36:00,23.964777,57.18916,990.63495,54.75008,0
2023-01-01 14:37:00,25.447577,58.95389,993.3222,51.215023,0
2023-01-01 14:38:00,24.967154,51.58281,1002.92194,42.3365,0
2023-01-01 14:39:00,27.376787,55.97065,998.1267,49.018597,0
2023-01-01 14:40:00,30.053865,64.82426,977.6177,51.5085,0
2023-01-01 14:41:00,23.938263,68.07791,978.79297,50.87768,0
2023-01-01 14:42:00,24.021122,53.828255,993.93134,40.781033,0
2023-01-01 14:43:00,27.088322,57.037678,1004.57684,45.548412,0
2023-01-01 14:44:00,26.363783,59.86797,972.52496,49.67961,0
2023-01-01 14:45:00,28.693415,61.400806,995.0027,52.681454,0
2023-01-01 14:46:00,26.167856,55.95198,994.73755,39.01936,0
2023-01-01 14:47:00,24.281416,62.120304,1013.88336,49.18938,0
2023-01-01 14:48:00,26.181309,57.630802,996.1498,50.715244,0
2023-01-01 14:49:00,27.217407,59.92774,1003.8299,54.24806,0
2023-01-01 14:50:00,26.640965,62.731422,1001.4126,53.464287,0
2023-01-01 14:51:00,26.014547,60.032112,978.69434,52.912857,0
2023-01-01 14:52:00,27.133348,57.81807,1007.68207,46.000298,0
2023-01-01 14:53:00,27.33859,59.45195,1002.154,40.459988,0
2023-01-01 14:54:00,27.764318,59.558186,1005.0827,48.034737,0
2023-01-01 14:55:00,26.29742,58.149944,1039.2623,55.00816,0
2023-01-01 14:56:00,24.665764,58.70602,979.1589,56.967274,0
2023-01-01 14:57:00,25.293427,67.99323,1017.24695,53.552746,0
2023-01-01 14:58:00,27.413017,62.804596,997.12555,52.146706,0
2023-01-01 14:59:00,23.366129,58.5226,1002.8733,51.898197,0
2023-01-01 15:00:00,25.737347,63.48477,999.54486,47.219406,0
2023-01-01 15:01:00,24.213322,58.330902,995.7576,49.349697,0
2023-01-01 15:02:00,25.05749,65.86562,994.3017,58.34535,0
2023-01-01 15:03:00,27.556904,61.84821,1003.2951,45.28721,0
2023-01-01 15:04:00,25.382198,59.46349,984.82825,58.073895,0
2023-01-01 15:05:00,25.092873,62.238586,1007.5058,48.38986,0
2023-01-01 15:06:00,22.280287,52.14562,995.8381,56.62716,0
2023-01-01 15:07:00,26.492508,54.36616,988.6993,42.965923,0
2023-01-01 15:08:00,26.290968,54.030376,995.4999,52.92952,0
2023-01-01 15:09:00,29.32651,60.714714,1012.5715,46.31615,0
2023-01-01 15:10:00,24.384443,68.662575,994.64667,42.923664,0
2023-01-01 15:11:00,25.438301,71.1565,1003.58453,51.09267,0
2023-01-01 15:12:00,25.498768,63.190254,992.6904,55.04736,0
2023-01-01 15:13:00,28.154907,62.504223,1007.5792,45.77529,0
2023-01-01 15:14:00,24.809408,50.994713,1006.8551,42.50492,0
2023-01-01 15:15:00,25.558043,57.286633,1018.4861,49.540775,0
2023-01-01 15:16:00,26.215794,56.06108,998.2444,49.562824,0
2023-01-01 15:17:00,25.373219,56.895763,1006.6865,52.7416,0
2023-01-01 15:18:00,24.107132,59.159283,1000.98065,54.747974,0
2023-01-01 15:19:00,25.38818,57.639545,1012.95874,49.702923,0
2023-01-01 15:20:00,27.147263,50.1035,992.8117,59.277515,0
2023-01-01 15:21:00,40.807686,63.73955,1007.4501,146.43817,1
2023-01-01 15:22:00,25.26594,54.636284,998.05304,48.267868,0
2023-01-01 15:23:00,23.599758,61.196236,999.3581,41.94216,0
2023-01-01 15:24:00,27.390093,70.370415,1000.91754,48.686703,0
2023-01-01 15:25:00,21.953627,55.403076,1002.5224,48.318066,0
2023-01-01 15:26:00,23.882156,47.348564,998.8377,54.801525,0
2023-01-01 15:27:00,25.754423,58.56998,1002.14716,52.31242,0
2023-01-01 15:28:00,28.131048,65.5048,1015.7812,44.103153,0
2023-01-01 15:29:00,24.8685,69.79174,1009.8545,50.86127,0
2023-01-01 15:30:00,23.8896,53.852253,1008.6915,53.357655,0
2023-01-01 15:31:00,28.762314,62.483498,995.4446,57.640156,0
2023-01-01 15:32:00,22.103971,57.673447,991.1076,54.43752,0
2023-01-01 15:33:00,20.602388,59.470257,1009.553,53.804234,0
2023-01-01 15:34:00,25.88003,73.22172,1008.7605,50.30043,0
2023-01-01 15:35:00,23.995892,52.48515,1014.7267,51.94156,0
2023-01-01 15:36:00,22.957535,61.2687,993.9602,56.247524,0
2023-01-01 15:37:00,26.416714,62.338467,997.7045,43.336113,0
2023-01-01 15:38:00,41.043045,65.42893,983.60516,131.50093,1
2023-01-01 15:39:00,23.871843,60.489914,996.0753,46.137157,0
2023-01-01 15:40:00,22.439392,61.540253,1009.9657,51.895767,0
2023-01-01 15:41:00,26.744915,58.041756,995.335,56.15111,0
2023-01-01 15:42:00,26.300402,61.345634,1006.4048,47.01513,0
2023-01-01 15:43:00,24.80165,58.28404,998.095,38.048477,0
2023-01-01 15:44:00,28.693274,63.10786,1003.2406,47.938896,0
2023-01-01 15:45:00,22.85983,58.151947,988.5231,54.567368,0
2023-01-01 15:46:00,21.94895,61.8855,1000.8521,52.68815,0
2023-01-01 15:47:00,6.7478127,59.853687,970.0886,143.73718,1
2023-01-01 15:48:00,24.908829,65.63025,998.13104,48.600033,0
2023-01-01 15:49:00,25.48668,59.74303,983.69525,43.604847,0
2023-01-01 15:50:00,24.517529,51.13484,1012.05994,52.576473,0
2023-01-01 15:51:00,25.704111,66.30961,1007.77405,45.82859,0
2023-01-01 15:52:00,22.496922,55.47134,1004.6667,60.920483,0
2023-01-01 15:53:00,27.88753,56.731167,1015.2101,52.852535,0
2023-01-01 15:54:00,24.835697,57.021694,990.51086,47.09676,0
2023-01-01 15:55:00,27.234592,66.87219,1017.47363,46.943073,0
2023-01-01 15:56:00,25.685452,49.32163,1009.3219,49.53528,0
2023-01-01 15:57:00,25.913506,75.68874,997.63446,48.80249,0
2023-01-01 15:58:00,26.139534,65.28028,1011.3562,55.584167,0
2023-01-01 15:59:00,25.895416,61.116196,988.9371,50.93208,0
2023-01-01 16:00:00,26.285446,59.72553,991.7549,46.341843,0
2023-01-01 16:01:00,27.658304,61.42777,993.9141,59.4522,0
2023-01-01 16:02:00,25.393042,62.605614,994.7102,50.24654,0
2023-01-01 16:03:00,26.418007,63.226078,989.43445,53.8442,0
2023-01-01 16:04:00,24.820528,62.778023,1012.23083,46.958866,0
2023-01-01 16:05:00,27.880234,60.447903,997.41144,51.81558,0
2023-01-01 16:06:00,23.647215,59.01331,1003.525,51.55555,0
2023-01-01 16:07:00,28.601881,59.243633,994.2965,40.551754,0
2023-01-01 16:08:00,24.919683,59.02546,981.79395,60.076374,0
2023-01-01 16:09:00,22.13845,65.66885,1002.70056,56.453224,0
2023-01-01 16:10:00,25.256208,62.967785,980.87744,48.014023,0
2023-01-01 16:11:00,23.637897,45.298058,999.31366,44.48865,0
2023-01-01 16:12:00,26.681288,63.279503,986.31683,51.73781,0
2023-01-01 16:13:00,23.694752,60.973682,1019.87274,50.433487,0
2023-01-01 16:14:00,24.107634,59.906456,1009.11365,51.778343,0
2023-01-01 16:15:00,21.220919,58.057407,1001.05756,50.957886,0
2023-01-01 16:16:00,24.095387,65.62057,1012.6371,52.531204,0
2023-01-01 16:17:00,20.15224,64.73763,991.53687,57.23653,0
2023-01-01 16:18:00,21.832195,56.135612,1005.4348,52.840515,0
2023-01-01 16:19:00,26.52083,62.035263,1001.9981,44.751724,0
2023-01-01 16:20:00,26.5716,55.141716,1002.6402,56.812813,0
2023-01-01 16:21:00,25.850916,53.10191,1012.7235,58.20307,0
2023-01-01 16:22:00,23.066048,56.866413,1007.32495,65.760284,0
2023-01-01 16:23:00,24.904577,64.311966,1002.8872,44.38253,0
2023-01-01 16:24:00,24.992794,64.765625,983.4511,51.21441,0
2023-01-01 16:25:00,22.683271,62.565426,990.39954,39.589508,0
2023-01-01 16:26:00,28.006796,63.62548,998.7729,52.765747,0
2023-01-01 16:27:00,26.754725,62.58089,1000.9337,47.259,0
2023-01-01 16:28:00,24.558071,56.79259,988.69794,59.61723,0
2023-01-01 16:29:00,25.053772,62.159615,1024.1168,46.126926,0
2023-01-01 16:30:00,25.416765,64.002045,1015.16394,41.554085,0
2023-01-01 16:31:00,20.91653,63.771458,1006.0212,47.64368,0
2023-01-01 16:32:00,24.505646,65.944565,1000.7204,40.122562,0
2023-01-01 16:33:00,23.636032,63.54152,997.8779,53.755497,0
2023-01-01 16:34:00,22.99676,61.75724,990.48083,39.674583,0
2023-01-01 16:35:00,24.4378,65.35075,1000.7748,50.14229,0
2023-01-01 16:36:00,28.595373,59.867393,1002.5775,39.61094,0
2023-01-01 16:37:00,26.281685,55.590626,987.5824,48.39851,0
2023-01-01 16:38:00,23.857641,59.184666,1003.34174,58.216892,0
2023-01-01 16:39:00,26.145166,56.275486,998.4474,51.803238,0
